<?xml version="1.0" encoding="utf-8"?>
<eml:eml xmlns:eml="eml://ecoinformatics.org/eml-2.1.1" xmlns:xsi="http://www.w3.org/2001/XMLSchema-instance"
         xsi:schemaLocation="eml://ecoinformatics.org/eml-2.1.1 http://rs.gbif.org/schema/eml-gbif-profile/1.2/eml.xsd"
packageId="33e3780b-d539-4e5e-b82f-1662b5941a9e"  system="http://gbif.org" scope="system"
xml:lang="en">

    <dataset>
            <alternateIdentifier>10.15468/ly36kz</alternateIdentifier>
                <alternateIdentifier>http://collections.mnhn.fr/ipt/resource?r=mnhn-el</alternateIdentifier>
                <alternateIdentifier>http://collections.mnhn.fr/ipt/resource.do?r=mnhn-el</alternateIdentifier>
                <alternateIdentifier>33e3780b-d539-4e5e-b82f-1662b5941a9e</alternateIdentifier>
        <title>The Lepidoptera collection (EL) of the Muséum national d&apos;Histoire naturelle (MNHN - Paris)</title>
            <creator>
            <individualName>
                    <surName>MNHN</surName>
            </individualName>
<organizationName>MNHN</organizationName><positionName>Provider</positionName>            </creator>
            <metadataProvider>
            <individualName>
<givenName>Simon</givenName>                    <surName>Chagnoux</surName>
            </individualName>
<electronicMailAddress>gbifprovider@mnhn.fr</electronicMailAddress>            </metadataProvider>
            <associatedParty>
            <individualName>
<givenName>Joël</givenName>                    <surName>Minet</surName>
            </individualName>
            <role>CONTENT_PROVIDER</role>
            </associatedParty>
            <associatedParty>
            <individualName>
<givenName>Jérôme</givenName>                    <surName>Barbut</surName>
            </individualName>
            <role>CONTENT_PROVIDER</role>
            </associatedParty>
            <pubDate>
                2024-02-28
            </pubDate>
        <language>FRENCH</language>
            <abstract>
                    <para>This dataset is the databased part of the Lepidoptera from the entomological collections of the Muséum National d&amp;#39;Histoire Naturelle (Paris).
				
				At the Muséum National d’Histoire Naturelle, the Lepidoptera collection gathers over 3 million specimens: ca. 1 million Rhopalocera (butterflies) and over 2 million Heterocera (moths). Essentially, these are pinned (dried) imagos but the collections also hold caterpillars (“blown” larvae or material preserved in alcohol), as well as a set of over 95.000 “genitalia” preparations. Amongst these collections, one can mention some particularly important ones: Mrs Fournier de Horrack, composed of precious exotical Rhopalocera, the type collection (ca. 11.000 Heterocera type specimens &amp;#43; numerous Rhopalocera), the rich Malagasy Heterocera collection (P. Viette’s achievement, essentially), and the Erebidae-Arctiinae collection (which includes ca. 30.000 neotropical specimens, most of them offered by H. de Toulgoët), the Psychidae collection (re-organized by J. Bourgogne), the Saturniidae collection (C. Lemaire and P.-C. Rougeot) and the Sesiidae collection (F. Le Cerf, notably). The Malagasy Heterocera and Saturniidae collections are the most important of their kinds worldwide (both qualitatively and quantitatively). Other collections are particularly precious, especially those associating imagos and early stages.</para>
            </abstract>
                <keywordSet>
                        <keyword>Occurrence</keyword>
                        <keywordThesaurus>GBIF Dataset Type Vocabulary: http://rs.gbif.org/vocabulary/gbif/dataset_type.xml</keywordThesaurus>
                </keywordSet>
                <keywordSet>
                        <keyword>Specimen</keyword>
                        <keywordThesaurus>GBIF Dataset Subtype Vocabulary: http://rs.gbif.org/vocabulary/gbif/dataset_subtype.xml</keywordThesaurus>
                </keywordSet>
                <keywordSet>
                        <keyword>Types</keyword>
                        <keyword>Heterocera</keyword>
                        <keyword>Saturniidae</keyword>
                        <keyword>Butterfly</keyword>
                        <keyword>Entomology</keyword>
                        <keyword>Taxonomy</keyword>
                        <keyword>Insecta</keyword>
                        <keyword>Zoology</keyword>
                        <keyword>Rhopalocera</keyword>
                        <keyword>Arctiinae</keyword>
                        <keyword>Phychidae</keyword>
                        <keyword>Erebidae</keyword>
                        <keyword>Moth</keyword>
                        <keyword>Lepidoptera</keyword>
                        <keyword>Arthropods</keyword>
                        <keyword>Specimens</keyword>
                        <keyword>Collections</keyword>
                        <keywordThesaurus>No keyword thesaurus designated</keywordThesaurus>
                </keywordSet>
            <intellectualRights>
                    <para>This work is licensed under a <ulink url="http://creativecommons.org/licenses/by/4.0/legalcode"><citetitle>Creative Commons Attribution (CC-BY) 4.0 License</citetitle></ulink>.</para>
            </intellectualRights>
            <maintenance>
                <description>
                    <para></para>
                </description>
                <maintenanceUpdateFrequency>unkown</maintenanceUpdateFrequency>
            </maintenance>
            <contact>
            <individualName>
<givenName>Laurent</givenName>                    <surName>Albenga</surName>
            </individualName>
<organizationName>MNHN</organizationName><positionName>Correspondant</positionName>            </contact>

    </dataset>

    <additionalMetadata>
        <metadata>
            <gbif>
                <dateStamp>2024-02-28T21:35:33Z</dateStamp>
                <citation>MNHN, Chagnoux S (2024). The Lepidoptera collection (EL) of the Muséum national d&apos;Histoire naturelle (MNHN - Paris). Version 76.358. MNHN - Museum national d&apos;Histoire naturelle. Occurrence dataset https://doi.org/10.15468/ly36kz accessed via GBIF.org on 2024-02-28.</citation>
            </gbif>
        </metadata>
    </additionalMetadata>

</eml:eml>
