<?xml version="1.0" encoding="utf-8"?>
<eml:eml xmlns:eml="eml://ecoinformatics.org/eml-2.1.1" xmlns:xsi="http://www.w3.org/2001/XMLSchema-instance"
         xsi:schemaLocation="eml://ecoinformatics.org/eml-2.1.1 http://rs.gbif.org/schema/eml-gbif-profile/1.2/eml.xsd"
packageId="8138eb72-f762-11e1-a439-00145eb45e9a"  system="http://gbif.org" scope="system"
xml:lang="en">

    <dataset>
            <alternateIdentifier>10.15468/qxy4mc</alternateIdentifier>
                <alternateIdentifier>http://ipt.naturalsciences.be/ipt/resource?r=be_rbins_darwin</alternateIdentifier>
                <alternateIdentifier>http://ipt.biodiversity.be/resource?r=rbinscollections</alternateIdentifier>
                <alternateIdentifier>8138eb72-f762-11e1-a439-00145eb45e9a</alternateIdentifier>
                <alternateIdentifier>13690</alternateIdentifier>
        <title>RBINS DaRWIN</title>
            <creator>
            <individualName>
<givenName>Olivier</givenName>                    <surName>Pauwels</surName>
            </individualName>
<organizationName>Royal Belgian Institute for Natural Sciences  -  Department of</organizationName><positionName>curator</positionName>            <address>
<deliveryPoint>Vautierstraat 29</deliveryPoint><city>Brussels</city><postalCode>1000</postalCode><country>BELGIUM</country>            </address>
            </creator>
            <creator>
            <individualName>
<givenName>Yves</givenName>                    <surName>Samyn</surName>
            </individualName>
<organizationName>Royal Belgian Institute for Natural Sciences  -  Department of</organizationName><positionName>curator</positionName>            <address>
<deliveryPoint>Vautierstraat 29</deliveryPoint><city>Brussels</city><postalCode>1000</postalCode><country>BELGIUM</country>            </address>
            </creator>
            <metadataProvider>
            <individualName>
<givenName>Thomas</givenName>                    <surName>Vandenberghe</surName>
            </individualName>
<organizationName>Royal Belgian Institute for Natural Sciences</organizationName><positionName>Data manager</positionName>            <address>
<deliveryPoint>Vautierstraat 29</deliveryPoint><city>Brussels</city><postalCode>1000</postalCode><country>BELGIUM</country>            </address>
<electronicMailAddress>tvandenberghe@naturalsciences.be</electronicMailAddress>            <userId directory="http://orcid.org/">0000-0002-9269-6548</userId>
            </metadataProvider>
            <associatedParty>
            <individualName>
<givenName>Patrick</givenName>                    <surName>Semal</surName>
            </individualName>
<organizationName>Royal Belgian Institute for Natural Sciences</organizationName><positionName>Head of Section Scientific Heritage</positionName>            <address>
<deliveryPoint>Vautierstraat 29</deliveryPoint><city>Brussels</city><postalCode>1000</postalCode><country>BELGIUM</country>            </address>
<electronicMailAddress>psemal@naturalsciences.be</electronicMailAddress>            <userId directory="http://orcid.org/">0000-0002-4048-7728</userId>
            <role>CONTENT_PROVIDER</role>
            </associatedParty>
            <pubDate>
                2021-03-11
            </pubDate>
        <language>ENGLISH</language>
            <abstract>
                    <para>The Royal Belgian Institute of Natural Sciences houses a precious collection of zoological, anthropological, paleontological, mineralogical and geological materials and data. The renowned Iguanodons from Bernissart, ambassadors of the Belgian science institute in Brussels, represent a natural history collection currently estimated to hold over 37 million specimens. The roots of the present day collection reach far back in history. It evolved from the Natural History collection of Karel of Lotharingen, governor of The Netherlands (1712-1780) and was part of didactic materials owned by the Central School of the City of Brussels. After the independence of Belgium, the City of Brussels donated the collection to the Belgian Government and became part of the autonomous Royal Natural History Museum in 1846, known as the Royal Belgian Institute of Natural Sciences since 1948. Fieldwork by researchers and collaborators, in Belgium and abroad, donations and purchases have been expanding the assets ever since. 
The data presented in this dataset are coming from the DaRWIN database, the collection management tool of the RBINS. Today, DaRWIN manages information on about 550.000 specimens stored in the institute&amp;#39;s repositories. This number rises on a daily basis thanks to the continued efforts of curators and their adjuncts that are responsible for maintaining the stored specimens and information.
The dataset is made available on GBIF and covers the complete collection, as well as subcollections within Vertebrates (mammals, birds, reptiles, amphibians and fish), Invertebrates (acarines, arachnids, Belgian marine invertebrates, brachiopods, bryozoans, marine chelicerates, cnidarians, crustaceans, echinoderms, molluscs and rotifers) and Entomology (beetles, dipterans, heterocerans, hymenopterans, orthopterans and rhopalocerans).</para>
            </abstract>
                <keywordSet>
                        <keyword>DaRWIN</keyword>
                        <keyword>RBINS</keyword>
                        <keyword>Biodiversity</keyword>
                        <keyword>natural history collection</keyword>
                        <keywordThesaurus>N/A</keywordThesaurus>
                </keywordSet>
                <keywordSet>
                        <keyword>Occurrence</keyword>
                        <keywordThesaurus>GBIF Dataset Type Vocabulary: http://rs.gbif.org/vocabulary/gbif/dataset_type.xml</keywordThesaurus>
                </keywordSet>
                <keywordSet>
                        <keyword>Specimen</keyword>
                        <keywordThesaurus>GBIF Dataset Subtype Vocabulary: http://rs.gbif.org/vocabulary/gbif/dataset_subtype.xml</keywordThesaurus>
                </keywordSet>
            <intellectualRights>
                    <para>This work is licensed under a <ulink url="http://creativecommons.org/licenses/by-nc/4.0/legalcode"><citetitle>Creative Commons Attribution Non Commercial (CC-BY-NC) 4.0 License</citetitle></ulink>.</para>
            </intellectualRights>
            <coverage>
                    <geographicCoverage>
                            <geographicDescription>Worldwide</geographicDescription>
                            <boundingCoordinates>
                                <westBoundingCoordinate>-180</westBoundingCoordinate>
                                <eastBoundingCoordinate>180</eastBoundingCoordinate>
                                <northBoundingCoordinate>90</northBoundingCoordinate>
                                <southBoundingCoordinate>-90</southBoundingCoordinate>
                            </boundingCoordinates>
                    </geographicCoverage>
                    <temporalCoverage>
                            <rangeOfDates>
                                <beginDate>
                                    <calendarDate>                1814-09-01
</calendarDate>
                                </beginDate>
                                <endDate>
                                    <calendarDate>                2019-01-09
</calendarDate>
                                </endDate>
                            </rangeOfDates>
                    </temporalCoverage>
                        <taxonomicCoverage>
                                <taxonomicClassification>
                                        <taxonRankName>Kingdom</taxonRankName>
                                    <taxonRankValue>Animalia</taxonRankValue>
                                </taxonomicClassification>
                        </taxonomicCoverage>
            </coverage>
            <maintenance>
                <description>
                    <para></para>
                </description>
                <maintenanceUpdateFrequency>continually</maintenanceUpdateFrequency>
            </maintenance>
            <contact>
<organizationName>Biodiversity and Ecological Data and Information Centre - Royal Belgian Institute for Natural Sciences</organizationName>            <address>
<deliveryPoint>Vautierstraat 29</deliveryPoint><city>Brussels</city><postalCode>1000</postalCode><country>BELGIUM</country>            </address>
<electronicMailAddress>info@bedic.be</electronicMailAddress>            </contact>

    </dataset>

    <additionalMetadata>
        <metadata>
            <gbif>
                <dateStamp>2024-02-28T21:35:33Z</dateStamp>
                <citation>Pauwels O, Samyn Y, Vandenberghe T (2021). RBINS DaRWIN. Royal Belgian Institute of Natural Sciences. Occurrence dataset https://doi.org/10.15468/qxy4mc accessed via GBIF.org on 2024-02-28.</citation>
            </gbif>
        </metadata>
    </additionalMetadata>

</eml:eml>
