<?xml version="1.0" encoding="utf-8"?>
<eml:eml xmlns:eml="eml://ecoinformatics.org/eml-2.1.1" xmlns:xsi="http://www.w3.org/2001/XMLSchema-instance"
         xsi:schemaLocation="eml://ecoinformatics.org/eml-2.1.1 http://rs.gbif.org/schema/eml-gbif-profile/1.2/eml.xsd"
packageId="a4899898-3fb7-4474-85bf-be8975e6ba12"  system="http://gbif.org" scope="system"
xml:lang="en">

    <dataset>
            <alternateIdentifier>10.15468/jvc7qn</alternateIdentifier>
                <alternateIdentifier>https://ecdysis.org/collections/misc/collprofiles.php?collid=106</alternateIdentifier>
                <alternateIdentifier>https://scan-bugs.org:443/portal/collections/misc/collprofiles.php?collid=127</alternateIdentifier>
                <alternateIdentifier>http://scan-bugs.org/portal/collections/misc/collprofiles.php?collid=127</alternateIdentifier>
        <title>The Davidson College Entomology Collection</title>
            <creator>
<organizationName>Ecdysis Portal</organizationName><onlineUrl>https://ecdysis.org/index.php</onlineUrl>            </creator>
            <metadataProvider>
<organizationName>Ecdysis Portal</organizationName><onlineUrl>https://ecdysis.org/index.php</onlineUrl>            </metadataProvider>
            <associatedParty>
            <individualName>
<givenName>Chris</givenName>                    <surName>Paradise</surName>
            </individualName>
<electronicMailAddress>chparadise@davidson.edu</electronicMailAddress>            <role>CONTENT_PROVIDER</role>
            </associatedParty>
            <pubDate>
                2024-02-01
            </pubDate>
        <language>ENGLISH</language>
            <abstract>
                    <para>Davidson College used to have many more insects than we do currently. Much of the collection was transferred to NC State in the late 1990s when we lost our museum space to renovations for research space. We have recently rebuilt some of what remained to a somewhat larger collection, due to our own collecting and a decent sized gift of Costa Rican, European and North American butterflies. The collection is an idiosyncratic collection of what was left behind, what I’ve collected, and butterflies gifted to the College.</para>
            </abstract>
            <intellectualRights>
                    <para>To the extent possible under law, the publisher has waived all rights to these data and has dedicated them to the <ulink url="http://creativecommons.org/publicdomain/zero/1.0/legalcode"><citetitle>Public Domain (CC0 1.0)</citetitle></ulink>. Users may copy, modify, distribute and use the work, including for commercial purposes, without restriction.</para>
            </intellectualRights>
            <contact>
<organizationName>The Davidson College Entomology Collection</organizationName><electronicMailAddress>chparadise@davidson.edu</electronicMailAddress><onlineUrl>http://insects.davidson.edu/</onlineUrl>            </contact>

    </dataset>

    <additionalMetadata>
        <metadata>
            <gbif>
                <dateStamp>2024-02-28T21:35:33Z</dateStamp>
                <citation>Davidson College (2024). The Davidson College Entomology Collection. Occurrence dataset https://doi.org/10.15468/jvc7qn accessed via GBIF.org on 2024-02-28.</citation>
            </gbif>
        </metadata>
    </additionalMetadata>

</eml:eml>
