<?xml version="1.0" encoding="utf-8"?>
<eml:eml xmlns:eml="eml://ecoinformatics.org/eml-2.1.1" xmlns:xsi="http://www.w3.org/2001/XMLSchema-instance"
         xsi:schemaLocation="eml://ecoinformatics.org/eml-2.1.1 http://rs.gbif.org/schema/eml-gbif-profile/1.2/eml.xsd"
packageId="e3a63db5-e90f-4205-bafe-60f5d8fd28a5"  system="http://gbif.org" scope="system"
xml:lang="en">

    <dataset>
            <alternateIdentifier>10.15468/ua4j3l</alternateIdentifier>
                <alternateIdentifier>e3a63db5-e90f-4205-bafe-60f5d8fd28a5</alternateIdentifier>
                <alternateIdentifier>http://ipt.museums.or.ke/ipt/resource?r=tanabasin</alternateIdentifier>
        <title>Invertebrates of the river Tana Basin in Kenya available at the National Museums of Kenya&apos;s Natural History Collections, Invertebrates Zoology Section</title>
            <creator>
            <individualName>
<givenName>Laban</givenName>                    <surName>Njoroge</surName>
            </individualName>
<organizationName>National Museums of Kenya</organizationName><positionName>Research Scientist</positionName>            <address>
<deliveryPoint>Box 40658</deliveryPoint><city>Nairobi</city><administrativeArea>Nairobi</administrativeArea><postalCode>00100</postalCode><country>KENYA</country>            </address>
<electronicMailAddress>lnjoroge@museums.or.ke</electronicMailAddress><onlineUrl>http://www.museums.or.ke</onlineUrl>            </creator>
            <creator>
            <individualName>
<givenName>Violet</givenName>                    <surName>Magoma</surName>
            </individualName>
<organizationName>National Museums of Kenya</organizationName>            <address>
<deliveryPoint>Box 40658</deliveryPoint><city>Nairobi</city><administrativeArea>Nairobi</administrativeArea><postalCode>00100</postalCode>            </address>
<onlineUrl>http://www.museums.or.ke</onlineUrl>            </creator>
            <creator>
            <individualName>
<givenName>Esther Wangui</givenName>                    <surName>Mwangi</surName>
            </individualName>
<organizationName>National Museums of Kenya</organizationName><positionName>Research Scientist</positionName>            <address>
<deliveryPoint>Box 40658</deliveryPoint><city>Nairobi</city><administrativeArea>Nairobi</administrativeArea><postalCode>00100</postalCode><country>KENYA</country>            </address>
<electronicMailAddress>ewmwangi@museums.or.ke</electronicMailAddress><onlineUrl>http://www.museums.or.ke</onlineUrl>            </creator>
            <creator>
            <individualName>
<givenName>Dorothy</givenName>                    <surName>Atieno</surName>
            </individualName>
<organizationName>National Museums of Kenya</organizationName><positionName>Research Intern</positionName>            <address>
<deliveryPoint>Box 40658</deliveryPoint><city>Nairobi</city><administrativeArea>Nairobi</administrativeArea><postalCode>00100</postalCode><country>KENYA</country>            </address>
            </creator>
            <creator>
            <individualName>
<givenName>Douglas</givenName>                    <surName>Gathitu</surName>
            </individualName>
<organizationName>National Museums of Kenya</organizationName><positionName>Research Intern</positionName>            <address>
<deliveryPoint>Box 40658</deliveryPoint><city>Nairobi</city><administrativeArea>Nairobi</administrativeArea><postalCode>00100</postalCode><country>KENYA</country>            </address>
<onlineUrl>http://www.museums.or.ke</onlineUrl>            </creator>
            <metadataProvider>
            <individualName>
<givenName>Laban</givenName>                    <surName>Njoroge</surName>
            </individualName>
<organizationName>National Museums of Kenya</organizationName><positionName>Research Scientist</positionName>            <address>
<deliveryPoint>Box 40658</deliveryPoint><city>Nairobi</city><administrativeArea>Nairobi</administrativeArea><postalCode>00100</postalCode><country>KENYA</country>            </address>
<electronicMailAddress>lnjoroge@museums.or.ke</electronicMailAddress><onlineUrl>http://www.museums.or.ke</onlineUrl>            </metadataProvider>
            <associatedParty>
            <individualName>
<givenName>Lawrence</givenName>                    <surName>Monda</surName>
            </individualName>
<organizationName>National Museums of Kenya</organizationName><positionName>ICT Manager</positionName>            <address>
<deliveryPoint>Box 40658</deliveryPoint><city>Nairobi</city><administrativeArea>Nairobi</administrativeArea><postalCode>00100</postalCode><country>KENYA</country>            </address>
<electronicMailAddress>lmonda@museums.or.ke</electronicMailAddress><onlineUrl>http://www.museums.or.ke</onlineUrl>            <role>PUBLISHER</role>
            </associatedParty>
            <pubDate>
                2022-02-15
            </pubDate>
        <language>ENGLISH</language>
            <abstract>
                    <para>The occurrence data of invertebrates of the river Tana basin in Kenya comprising of historical records at the natural history collection of the National museums of Kenya. The data includes both aquatic and terrestrial records. The taxonomic information may not be up-to-date as some of the families presented were not checked by experts prior to digitization and publishing. Data was mined from the specimen labels into excel spreadsheets.</para>
            </abstract>
                <keywordSet>
                        <keyword>Specimen Digitization</keyword>
                        <keyword>Insects</keyword>
                        <keyword>National Museums of Kenya</keyword>
                        <keyword>Conservation</keyword>
                        <keyword>Natural History Collections</keyword>
                        <keyword>Invertebrates</keyword>
                        <keyword>Occurrence</keyword>
                        <keyword>River Tana</keyword>
                        <keyword>Invertebrate Zoology section.</keyword>
                        <keywordThesaurus>GBIF Dataset Type Vocabulary: http://rs.gbif.org/vocabulary/gbif/dataset_type.xml</keywordThesaurus>
                </keywordSet>
                <keywordSet>
                        <keyword>Occurrence</keyword>
                        <keywordThesaurus>GBIF Dataset Type Vocabulary: http://rs.gbif.org/vocabulary/gbif/dataset_type_2015-07-10.xml</keywordThesaurus>
                </keywordSet>
                <keywordSet>
                        <keyword>Specimen</keyword>
                        <keywordThesaurus>GBIF Dataset Subtype Vocabulary: http://rs.gbif.org/vocabulary/gbif/dataset_subtype.xml</keywordThesaurus>
                </keywordSet>
            <intellectualRights>
                    <para>This work is licensed under a <ulink url="http://creativecommons.org/licenses/by-nc/4.0/legalcode"><citetitle>Creative Commons Attribution Non Commercial (CC-BY-NC) 4.0 License</citetitle></ulink>.</para>
            </intellectualRights>
            <coverage>
                    <geographicCoverage>
                            <geographicDescription>The General spatial coverage is Kenya, Tana River Basin.</geographicDescription>
                            <boundingCoordinates>
                                <westBoundingCoordinate>33.574</westBoundingCoordinate>
                                <eastBoundingCoordinate>41.836</eastBoundingCoordinate>
                                <northBoundingCoordinate>5.529</northBoundingCoordinate>
                                <southBoundingCoordinate>-4.916</southBoundingCoordinate>
                            </boundingCoordinates>
                    </geographicCoverage>
                    <temporalCoverage>
                            <rangeOfDates>
                                <beginDate>
                                    <calendarDate>                1891-05-01
</calendarDate>
                                </beginDate>
                                <endDate>
                                    <calendarDate>                2018-10-25
</calendarDate>
                                </endDate>
                            </rangeOfDates>
                    </temporalCoverage>
                        <taxonomicCoverage>
                                <generalTaxonomicCoverage>A collection of Anthropoda</generalTaxonomicCoverage>
                                <taxonomicClassification>
                                        <taxonRankName>Order</taxonRankName>
                                    <taxonRankValue>Coleoptera</taxonRankValue>
                                        <commonName>Beetles</commonName>
                                </taxonomicClassification>
                                <taxonomicClassification>
                                        <taxonRankName>Order</taxonRankName>
                                    <taxonRankValue>Diptera</taxonRankValue>
                                        <commonName>True Flies</commonName>
                                </taxonomicClassification>
                                <taxonomicClassification>
                                        <taxonRankName>Order</taxonRankName>
                                    <taxonRankValue>Hemiptera</taxonRankValue>
                                        <commonName>True Bugs</commonName>
                                </taxonomicClassification>
                                <taxonomicClassification>
                                        <taxonRankName>Order</taxonRankName>
                                    <taxonRankValue>Lepidoptera</taxonRankValue>
                                        <commonName>Butterflies and Moths</commonName>
                                </taxonomicClassification>
                                <taxonomicClassification>
                                        <taxonRankName>Order</taxonRankName>
                                    <taxonRankValue>Orthoptera</taxonRankValue>
                                        <commonName>Grasshoppers, crickets and katydids</commonName>
                                </taxonomicClassification>
                                <taxonomicClassification>
                                        <taxonRankName>Order</taxonRankName>
                                    <taxonRankValue>Stylommatophora</taxonRankValue>
                                        <commonName>Land snails and slugs</commonName>
                                </taxonomicClassification>
                                <taxonomicClassification>
                                        <taxonRankName>Order</taxonRankName>
                                    <taxonRankValue>Hymenoptera</taxonRankValue>
                                        <commonName>Sawflies, wasps, bees and ants</commonName>
                                </taxonomicClassification>
                                <taxonomicClassification>
                                        <taxonRankName>Order</taxonRankName>
                                    <taxonRankValue>Odonata</taxonRankValue>
                                        <commonName>Dragonflies and damselflies</commonName>
                                </taxonomicClassification>
                                <taxonomicClassification>
                                        <taxonRankName>Order</taxonRankName>
                                    <taxonRankValue>Scorpiones</taxonRankValue>
                                </taxonomicClassification>
                        </taxonomicCoverage>
            </coverage>
            <maintenance>
                <description>
                    <para></para>
                </description>
                <maintenanceUpdateFrequency>unkown</maintenanceUpdateFrequency>
            </maintenance>
            <contact>
            <individualName>
<givenName>Laban</givenName>                    <surName>Njoroge</surName>
            </individualName>
<organizationName>National Museums of Kenya</organizationName><positionName>Research Scientist</positionName>            <address>
<deliveryPoint>Box 40658</deliveryPoint><city>Nairobi</city><administrativeArea>Nairobi</administrativeArea><postalCode>00100</postalCode><country>KENYA</country>            </address>
<electronicMailAddress>lnjoroge@museums.or.ke</electronicMailAddress><onlineUrl>http://www.museums.or.ke</onlineUrl>            </contact>

            <project id="60704 JRS-NMK">
                <title>Developing a Freshwater Biodiversity Information System for the Tana River Basin, Kenya, for Improved Ecosystem Management and Development Planning</title>
                    <personnel>
            <individualName>
<givenName>Dorothy</givenName>                    <surName>Atieno</surName>
            </individualName>
            <role>USER</role>
                    </personnel>
                    <personnel>
            <individualName>
<givenName>Violet</givenName>                    <surName>Magoma</surName>
            </individualName>
            <role>USER</role>
                    </personnel>
                <abstract>
                    <para></para>
                </abstract>
                <funding>
                    <para>JRS Biodiversity Foundation</para>
                </funding>
                    <studyAreaDescription>
                        <descriptor name="generic" citableClassificationSystem="false">
                            <descriptorValue>The specimens are from the natural history collection of the National Museums of Kenya collected along the river Tana basin from the source to the delta just before the sea. The study area includes the counties of Nyeri, Muranga, Kirinyaga, Kiambu, Nyandarua, Embu, Tharaka, Meru, Machakos, Kitui, Garissa, Tana River and Lamu.</descriptorValue>
                        </descriptor>
                    </studyAreaDescription>
                    <designDescription>
                        <description>
                            <para>Specimen label data was collected into excel spread sheets following GBIF Standard</para>
                        </description>
                    </designDescription>
            </project>
    </dataset>

    <additionalMetadata>
        <metadata>
            <gbif>
                <dateStamp>2024-02-28T21:35:33Z</dateStamp>
                <citation>Njoroge L, Magoma V, Mwangi E W, Atieno D, Gathitu D (2022). Invertebrates of the river Tana Basin in Kenya available at the National Museums of Kenya&apos;s Natural History Collections, Invertebrates Zoology Section. Version 1.12. National Museums of Kenya. Occurrence dataset https://doi.org/10.15468/ua4j3l accessed via GBIF.org on 2024-02-28.</citation>
                    <resourceLogoUrl>http://ipt.museums.or.ke/ipt/logo.do?r=tanabasin</resourceLogoUrl>
            </gbif>
        </metadata>
    </additionalMetadata>

</eml:eml>
