<?xml version="1.0" encoding="utf-8"?>
<eml:eml xmlns:eml="eml://ecoinformatics.org/eml-2.1.1" xmlns:xsi="http://www.w3.org/2001/XMLSchema-instance"
         xsi:schemaLocation="eml://ecoinformatics.org/eml-2.1.1 http://rs.gbif.org/schema/eml-gbif-profile/1.2/eml.xsd"
packageId="10.15468/dl.q9dery"  system="http://gbif.org" scope="system"
xml:lang="en">

    <dataset>
                <alternateIdentifier>0024905-240216155721649</alternateIdentifier>
        <title>GBIF Occurrence Download 10.15468/dl.q9dery</title>
            <creator>
            <individualName>
                    <surName>GBIF Download Service</surName>
            </individualName>
<electronicMailAddress>support@gbif.org</electronicMailAddress>            </creator>
            <metadataProvider>
            <individualName>
                    <surName>GBIF Download Service</surName>
            </individualName>
<electronicMailAddress>support@gbif.org</electronicMailAddress>            </metadataProvider>
            <pubDate>
                2024-02-28
            </pubDate>
        <language>ENGLISH</language>
            <abstract>
                    <para>A dataset containing all occurrences available in GBIF matching the query:
{
  &quot;TaxonKey&quot; : [
    &quot;is Egybolis vaillantina Stoll, 1790&quot;
  ]
}
The dataset includes records from the following constituent datasets. The full metadata for each constituent is also included in this archive:
6 records from Entomology Division, Yale Peabody Museum
33 records from DNSM: Durban Natural Science Museum Insect Collection (1900-2011)
1 records from The Lepidoptera collection (EL) of the Muséum national d&apos;Histoire naturelle (MNHN - Paris)
18 records from Invertebrates of the river Tana Basin in Kenya available at the National Museums of Kenya&apos;s Natural History Collections, Invertebrates Zoology Section
1 records from RBINS DaRWIN
2 records from Afromoths, online database of Afrotropical moth species (Lepidoptera)
1 records from INSDC Sequences
11 records from Observation.org, Nature data from around the World
2 records from The Davidson College Entomology Collection
2 records from Naturalis Biodiversity Center (NL) - Museum collection digitized at storage unit level
2 records from Lund University Biological Museum - Insect collections Inventory
8 records from Colecção Entomológica do Departamento de Sanidade Vegetal - Ministério da Agricultura e Segurança Alimentar
13 records from Colecção Entomológica do Museu de História Natural de Maputo
289 records from iNaturalist Research-grade Observations</para>
            </abstract>
            <contact>
            <individualName>
                    <surName>GBIF Download Service</surName>
            </individualName>
<electronicMailAddress>support@gbif.org</electronicMailAddress>            </contact>

    </dataset>

    <additionalMetadata>
        <metadata>
            <gbif>
                <dateStamp>2024-02-28T21:35:36Z</dateStamp>
                <citation identifier="10.15468/dl.q9dery">GBIF Occurrence Download 10.15468/dl.q9dery</citation>
                    <physical>
                        <objectName>Darwin Core Archive</objectName>
                        <characterEncoding>UTF-8</characterEncoding>
                        <dataFormat>
                            <externallyDefinedFormat>
                                <formatName>Darwin Core Archive</formatName>
                            </externallyDefinedFormat>
                        </dataFormat>
                        <distribution>
                            <online>
                                <url function="download">https://api.gbif.org/v1/occurrence/download/request/0024905-240216155721649.zip</url>
                            </online>
                        </distribution>
                    </physical>
            </gbif>
        </metadata>
    </additionalMetadata>

</eml:eml>
